Service Category,Service Name,Service Cost (Cash),Service Cost (Corporate),Service Cost (Insurance),Service Cost (Foreigner)
DENTAL TREATMENTS,BRACES FOR BOTH UPPER AND LOWER JAWS,0,0,0,0
DENTAL TREATMENTS,BRACES FOR LOWER JAWS,"60,000.00","100,000.00","100,000.00","10,000.00"
DENTAL TREATMENTS,BRACES FOR UPPER JAWS,"60,000.00","70,000.00","70,000.00",0
DENTAL TREATMENTS,COMPLETE DENTURE,"12,000.00","20,000.00","20,000.00",0
DENTAL TREATMENTS,COMPLETE DENTURE RELINING,"2,000.00","3,000.00","3,000.00",0
DENTAL TREATMENTS,COMPLETE DENTURE REPAIR,"1,000.00","1,500.00","1,500.00",0
DENTAL TREATMENTS,COMPLEX SCALING,"2,000.00","4,000.00","4,000.00",0
DENTAL TREATMENTS,CROWN &BRIDGE,"10,000.00","15,000.00","15,000.00",0
DENTAL TREATMENTS,DENTAL CONSULTATION FEE,200,600,600,0
DENTAL TREATMENTS,DENTAL INCISION AND DRAINAGE,"1,000.00",300,"3,000.00",0
DENTAL TREATMENTS,DENTAL SCALING (COMPLEX),"3,000.00","4,000.00","4,000.00","4,000.00"
DENTAL TREATMENTS,DENTURE REVIEW (FROM OUT),200,500,500,500
DENTAL TREATMENTS,DISIMPACTION COMPLEX,"2,000.00","5,000.00","5,000.00","5,000.00"
DENTAL TREATMENTS,DISIMPACTION SIMPLE,"1,000.00","4,000.00","4,000.00","4,000.00"
DENTAL TREATMENTS,DISIMPATION & X-RAY,"2,000.00","4,000.00","4,000.00",0
DENTAL TREATMENTS,DRY SOCKET,300,"1,000.00","1,000.00",0
DENTAL TREATMENTS,EXTRACTION,350,"1,000.00","1,000.00","1,000.00"
DENTAL TREATMENTS,EXTRACTION(MILK TOOTH),300,"1,000.00","1,000.00","1,000.00"
DENTAL TREATMENTS,FABRICATION OF CROWNS AND BRIDGE - INPATIENT,"10,000.00","15,000.00","15,000.00",0
DENTAL TREATMENTS,FILLING,"2,000.00","4,000.00","4,000.00","4,000.00"
DENTAL TREATMENTS,FUSION UNIVERSAL COMPOSITE KIT (SMALL),"6,000.00",0,0,0
DENTAL TREATMENTS,GIC FUJI 9 A2,"6,200.00","6,200.00","6,200.00","6,200.00"
DENTAL TREATMENTS,HALF COMPLETE DENTURE,"7,000.00","10,000.00","10,000.00",0
DENTAL TREATMENTS,INTERMAXILLARY FIXATION (IMF),"5,000.00","8,000.00","8,000.00",0
DENTAL TREATMENTS,MASKING PER TOOTH,"3,000.00","6,000.00","6,000.00",0
DENTAL TREATMENTS,MOUTH GUARD,"12,000.00","15,000.00","15,000.00",0
DENTAL TREATMENTS,ORTHODONTICS,"15,000.00","25,000.00","25,000.00",0
DENTAL TREATMENTS,PARTIAL DENTURE 1ST,"2,500.00","5,000.00","5,000.00","5,000.00"
DENTAL TREATMENTS,PARTIAL DENTURE RELINING,"1,500.00","2,000.00","2,000.00",0
DENTAL TREATMENTS,PARTIAL DENTURE REPAIR,700,"1,500.00","1,500.00","1,500.00"
DENTAL TREATMENTS,PARTIAL DENTURE(ADDITION),500,"1,000.00","1,000.00",0
DENTAL TREATMENTS,POLISHING,500,"1,500.00","1,500.00",0
DENTAL TREATMENTS,RECONCILED PAYMENT,"1,340.00","1,340.00","1,340.00","1,340.00"
DENTAL TREATMENTS,ROOTCANAL (POSTEROR),"4,000.00","8,000.00","8,000.00",0
DENTAL TREATMENTS,ROOTCANAL(ANTERIOR),"3,000.00","6,000.00","6,000.00",0
DENTAL TREATMENTS,SCALLING,"2,000.00","4,000.00","4,000.00",0
DENTAL TREATMENTS,SIMPLE SPLINTING,"1,500.00","3,000.00","3,000.00",0
DENTAL TREATMENTS,STUDY MODEL,500,"1,000.00","1,000.00","1,000.00"
DENTAL TREATMENTS,TOOTH ADDITION IN EXISTING COMPLETE DENTURE,800,"1,500.00","1,500.00","1,500.00"
DENTAL TREATMENTS,TOOTH ADDITION IN EXISTING PARTIAL DENTURE,700,"1,500.00","1,500.00","1,500.00"
DENTAL TREATMENTS,XRAY (IN),500,"1,000.00","1,000.00","1,000.00"
DENTAL TREATMENTS,XRAY (OUT),700,"1,200.00","1,200.00","1,200.00"
DOCTORS FEES,CONSULTANTS FEE - ENT SPECIALIST,"3,000.00","3,000.00","3,000.00",0
DOCTORS FEES,CONSULTANTS FEE - GYNAECOLOGIST,"3,000.00","3,000.00","3,000.00",0
DOCTORS FEES,CONSULTANTS FEE - NEPHROLOGIST,"3,000.00","3,000.00","3,000.00",0
DOCTORS FEES,CONSULTANTS FEE - PHYSICIAN,"3,000.00","3,000.00","3,000.00",0
DOCTORS FEES,CONSULTANTS FEE - SURGEON,"3,000.00","3,000.00","3,000.00",0
DOCTORS FEES,REDUCTION FEE(PEDIATRICS),"5,000.00","5,000.00","5,000.00",0
DOCTORS FEES,REDUCTION FEES(ADULT),"10,000.00","10,000.00","10,000.00",0
DOCTORS FEES,SURGEON FEE ON CERVICAL BIOBPSY / COLPOLSCOPY,"10,000.00","15,000.00","15,000.00","15,000.00"
ENT,"-0.5 DIOPTER LENSES,FRAME, CLOTH,IPS HARD CASE.","6,850.00","6,850.00","6,850.00",0
ENT,"+0.25 DIOPTER LENSES,FRAME, CLOTH,IPS HARD CASE.","7,000.00","7,000.00","7,000.00",0
ENT,"+2.00 DIOPTER LENSES, FRAME, CLOTH, HARD CASE","8,500.00","8,500.00","8,500.00",0
ENT,ENT SYRINGING,500,500,500,0
ENT,EYE IRRIGATION,300,600,600,0
ENT,NUTRITION CONSULTATION FEE( PEADS),300,600,600,0
GENERAL PROCEDURES,-,0,0,0,0
GENERAL PROCEDURES,0.5 ADD 300PHT MAR,"3,500.00","4,000.00","4,000.00",0
GENERAL PROCEDURES,ANAESTHETIST CONSULTATION,"3,000.00","4,500.00","4,500.00",0
GENERAL PROCEDURES,ANTI NUCLEAR ANTIBODIES,"6,500.00","7,000.00","7,000.00",0
GENERAL PROCEDURES,ASCITIC TAPPING,500,"1,000.00","1,000.00",0
GENERAL PROCEDURES,BIOPSY,"5,000.00","7,000.00","7,000.00","7,000.00"
GENERAL PROCEDURES,BIOPSY 2,"5,000.00","10,000.00","10,000.00",0
GENERAL PROCEDURES,BIOPSY NEEDLE,"5,000.00","10,000.00","10,000.00",0
GENERAL PROCEDURES,BIOPSY(FNA),"3,000.00","4,500.00","4,500.00","4,500.00"
GENERAL PROCEDURES,BLOOD SCREENING PINTS,"3,000.00","3,000.00","3,000.00",0
GENERAL PROCEDURES,BLOOD SUGAR MACHINE,"4,000.00","5,000.00","5,000.00",0
GENERAL PROCEDURES,BLOOD TRANSFUSSION,"1,000.00","2,000.00","2,000.00",0
GENERAL PROCEDURES,BODY STORAGE (MORGUE ),"1,000.00","1,500.00","1,500.00","1,500.00"
GENERAL PROCEDURES,BREAST BIOPSY AND EXCISION,"10,000.00","10,000.00","10,000.00","12,000.00"
GENERAL PROCEDURES,CATHETERIZATION,400,500,500,0
GENERAL PROCEDURES,CHEMICAL CAUTERY,"1,500.00","1,500.00","1,500.00",0
GENERAL PROCEDURES,CHEST TUBE INSERTION,"15,000.00","25,000.00","25,000.00","25,000.00"
GENERAL PROCEDURES,CIRCUMSISSION,"2,000.00","3,000.00","3,000.00",0
GENERAL PROCEDURES,CLEANING AND DRESSING (LARGE),300,500,500,0
GENERAL PROCEDURES,CLEANING AND DRESSING (MEDIUM),200,300,300,0
GENERAL PROCEDURES,CLEANING AND DRESSING (SMALL),100,200,200,0
GENERAL PROCEDURES,CLEANING AND DRESSING(WITH SSD) - LARGE,700,"1,000.00","1,000.00",0
GENERAL PROCEDURES,CLEANING AND DRESSING(WITH SSD) - MEDIUM,500,700,700,0
GENERAL PROCEDURES,CLEANING AND DRESSING(WITH SSD) - SMALL,300,500,500,0
GENERAL PROCEDURES,CONDOM CATHETERS,100,150,150,0
GENERAL PROCEDURES,CONJUCTIVAL GROWTH EXCISION,"5,000.00","5,000.00","5,000.00",0
GENERAL PROCEDURES,CONSULTANTS FEE - CIRCUMCISION,"5,000.00",0,0,0
GENERAL PROCEDURES,CONSULTANTS FEE - PAEDITRICIAN,"3,000.00","3,000.00","3,000.00",0
GENERAL PROCEDURES,CONSULTANTS FEE - PAEDITRICIAN (REVIEW),"1,500.00","1,500.00","1,500.00",0
GENERAL PROCEDURES,CONSULTATION EMERGENCY,600,600,600,0
GENERAL PROCEDURES,CONSULTATION NIGHT,600,600,600,0
GENERAL PROCEDURES,CONSULTATION REVISIT,600,600,600,0
GENERAL PROCEDURES,CORN REMOVAL,"1,000.00","2,500.00","2,500.00","2,500.00"
GENERAL PROCEDURES,CORNEAL FOREIGN BODY REMOVAL,500,500,500,0
GENERAL PROCEDURES,CREEP BANDAGE,80,100,100,0
GENERAL PROCEDURES,CREPE BANDAGE,100,150,150,0
GENERAL PROCEDURES,DENTAL MEDICATIN FORM,500,"1,000.00","1,000.00","1,000.00"
GENERAL PROCEDURES,DEXTROSE 10%,100,150,150,0
GENERAL PROCEDURES,DEXTROSE 5%,100,150,150,0
GENERAL PROCEDURES,DEXTROSE 50%,100,150,150,0
GENERAL PROCEDURES,DEXTROSE NORMAL SALINE (DNS),100,150,150,0
GENERAL PROCEDURES,DI- OXYGEN PER HOUR(REFINED),250,250,250,250
GENERAL PROCEDURES,DOCTORS FEE,"5,000.00","7,500.00","7,500.00","7,500.00"
GENERAL PROCEDURES,DOUBLE CARVED TRANCHEASTOMY,"18,000.00","18,000.00","18,000.00",0
GENERAL PROCEDURES,EAR SYRINGING,300,500,500,0
GENERAL PROCEDURES,ECG / ECHO,"8,500.00","10,000.00","10,000.00","10,000.00"
GENERAL PROCEDURES,ELECTROCARDIOGRAPHY (ECG),"1,000.00","1,500.00","1,500.00","2,000.00"
GENERAL PROCEDURES,ENT CONSULTATION,500,500,500,500
GENERAL PROCEDURES,ENT CONSULTATION (IP),"3,000.00","4,500.00","4,500.00","4,500.00"
GENERAL PROCEDURES,EPILATION,200,200,200,0
GENERAL PROCEDURES,ERYTHROPOIETIN INJECTION 4000 IU,"2,000.00","2,000.00","2,000.00",0
GENERAL PROCEDURES,EXCISION,"5,000.00","10,000.00","10,000.00","10,000.00"
GENERAL PROCEDURES,EXPLORATION AND REMOVAL OF FOREGIN BODIESS (SURGEON),"5,000.00","8,000.00","8,000.00",0
GENERAL PROCEDURES,FACE MASK,50,50,50,0
GENERAL PROCEDURES,FB NOSE/EGR,"2,000.00","2,000.00","2,000.00",0
GENERAL PROCEDURES,FILE,500,0,500,0
GENERAL PROCEDURES,FILLING P3 FORM,"3,000.00","5,000.00","5,000.00",0
GENERAL PROCEDURES,FOLY CATHERS,100,150,150,0
GENERAL PROCEDURES,FOREIGN BODY REMOVAL (LARGE),500,"1,000.00","1,000.00",0
GENERAL PROCEDURES,FOREIGN BODY REMOVAL (SMALL),300,600,600,0
GENERAL PROCEDURES,FREIGHT CHARGES,325,0,0,0
GENERAL PROCEDURES,FUNDOSCOPY,500,500,500,0
GENERAL PROCEDURES,G TUBE,"6,500.00","6,500.00","6,500.00",0
GENERAL PROCEDURES,GANGLION CYCT REMOVAL,"3,000.00","5,000.00","5,000.00","5,000.00"
GENERAL PROCEDURES,GASTRIC LAVAGE (PROCEDURE),"1,000.00","2,000.00","2,000.00",0
GENERAL PROCEDURES,GAUZE ROLL WHOLE,"1,500.00","2,000.00","2,000.00",0
GENERAL PROCEDURES,GLUCOSE STRIPS,"1,500.00","2,000.00","2,000.00",0
GENERAL PROCEDURES,GYNACOLOGY CONSULTATION,"1,500.00","3,000.00","3,000.00","3,000.00"
GENERAL PROCEDURES,GYNAECOLGY CONSULTATION (IP),"3,000.00","4,500.00","4,500.00",0
GENERAL PROCEDURES,HEARING AND ASSESSMENT TEST,"1,500.00","1,500.00","1,500.00",0
GENERAL PROCEDURES,HEMORRHOIDECTOMY,"70,000.00","150,000.00","150,000.00","15,000.00"
GENERAL PROCEDURES,HERNIORRHAPHY,"30,000.00","45,000.00","45,000.00","45,000.00"
GENERAL PROCEDURES,HERNIORRHAPHY/PROSTATE BIOPSY,"50,000.00","100,000.00","100,000.00",0
GENERAL PROCEDURES,HIP SPICA CAST BY SPECIALIST,"5,500.00","5,500.00","5,500.00",0
GENERAL PROCEDURES,I AND D PSOAS ABSCESS UNDER G.A,"25,000.00","30,000.00","30,000.00","30,000.00"
GENERAL PROCEDURES,IMPLANT REMOVAL,500,"1,000.00","1,000.00",0
GENERAL PROCEDURES,INCISION AND DRAINAGE,300,400,400,0
GENERAL PROCEDURES,INCISION AND DRAINAGE UNDER LA,700,"1,000.00","1,000.00",0
GENERAL PROCEDURES,INCISION AND DRAINAGE UNDER SEDATION,"1,500.00","3,000.00","3,000.00",0
GENERAL PROCEDURES,INJECTION SERVICE CHARGE,50,100,100,0
GENERAL PROCEDURES,INPATIENT INSURANCE CONSULTATION FEE,"5,000.00","5,000.00","5,000.00","5,000.00"
GENERAL PROCEDURES,ISOLATION (FOR ONBSERVATION),"1,000.00","1,500.00","1,500.00","1,500.00"
GENERAL PROCEDURES,LARYNGOSCOPY,"2,500.00","3,500.00","3,500.00",0
GENERAL PROCEDURES,MARSUPIALISATION,"3,000.00","6,000.00","6,000.00",0
GENERAL PROCEDURES,MATERNITY PACKAGE,"1,150.00","1,150.00","1,150.00","1,150.00"
GENERAL PROCEDURES,MEDICAL CERTIFICATION,"1,000.00","1,000.00","1,000.00",0
GENERAL PROCEDURES,MEDICAL FORM,500,500,500,0
GENERAL PROCEDURES,MEDICAL REPORT/ FAIRMONT,"2,500.00","2,500.00","2,500.00",0
GENERAL PROCEDURES,MESH,"5,000.00","10,000.00","10,000.00",0
GENERAL PROCEDURES,MONITOR TIME PER HOUR 1/2 MIN,200,300,300,300
GENERAL PROCEDURES,MVA,"10,000.00","10,000.00","10,000.00",0
GENERAL PROCEDURES,MYOPIA 0.50PH TMR,"7,500.00","9,000.00","9,000.00",0
GENERAL PROCEDURES,NEBULIZATIION,200,200,300,0
GENERAL PROCEDURES,NEBULIZATION,300,300,800,0
GENERAL PROCEDURES,NG TUBE,100,150,150,0
GENERAL PROCEDURES,NORMAL SALINE (N/S),100,150,150,0
GENERAL PROCEDURES,NUTRION COUNSELLING,500,"1,000.00","1,000.00","1,000.00"
GENERAL PROCEDURES,NUTRITIONIST CONSULTATION(ADULT),500,600,600,0
GENERAL PROCEDURES,OPTHAMOLOGIST CONSULTATION (IP),"1,000.00","1,500.00","1,500.00","1,500.00"
GENERAL PROCEDURES,OPTICIAN CONSULTATION (INPATIENT),"3,000.00","4,500.00","4,500.00","4,500.00"
GENERAL PROCEDURES,ORTHOPEADIC (PI),"3,000.00","4,500.00","4,500.00",0
GENERAL PROCEDURES,OXYGEN PER HR 1/2 MIN,75,150,150,150
GENERAL PROCEDURES,OXYGEN PER LITRE (PER HOUR),100,200,200,200
GENERAL PROCEDURES,OXYGEN+TRANSPORT PACKAGE THEATRE SERVICE,"7,500.00","7,500.00","7,500.00",0
GENERAL PROCEDURES,PACKING WITH LIQUID PARRAFIN,300,600,600,0
GENERAL PROCEDURES,PAEDITRICIAN CONSULTATION (IP),"3,000.00","4,500.00","4,500.00","4,500.00"
GENERAL PROCEDURES,PAP SMEAR,"1,500.00","2,000.00","2,000.00",0
GENERAL PROCEDURES,"PGX LENSES,PLANO IN D/FRAME, CLOTH,IPS HARD CASE.","6,000.00","6,800.00","6,800.00",0
GENERAL PROCEDURES,PHOTOCOPY,10,10,10,10
GENERAL PROCEDURES,PHOTOTHERAPHY,"1,000.00","1,500.00","1,500.00","1,500.00"
GENERAL PROCEDURES,PHYSIOTHERAOHY SESSION,300,500,500,500
GENERAL PROCEDURES,PHYSIOTHERAPY,"1,000.00","1,000.00","1,000.00",0
GENERAL PROCEDURES,PLASTER 4,150,200,200,0
GENERAL PROCEDURES,PSYCHOLOGICAL COUNSELLING PER SESSION,500,500,500,0
GENERAL PROCEDURES,PTA (AUDIOMETRY),"1,000.00","1,000.00","1,000.00",0
GENERAL PROCEDURES,PTERYGIUM EXCISION,"5,000.00","5,000.00","5,000.00",0
GENERAL PROCEDURES,R/L HARTMANS SOLUION,100,150,150,0
GENERAL PROCEDURES,READERS,"1,500.00","1,500.00","1,500.00",0
GENERAL PROCEDURES,REFRACTION,500,500,500,0
GENERAL PROCEDURES,REMOVAL OF IUCD,"1,000.00","2,000.00","2,000.00","2,000.00"
GENERAL PROCEDURES,RESUSCITATION SERVICES,"1,000.00","2,000.00","2,000.00",0
GENERAL PROCEDURES,SPECIAL CONSULTATION SERVICES,"2,000.00","4,000.00","4,000.00","4,000.00"
GENERAL PROCEDURES,SPECIALISED (HOSPITAL) SERVICES FOR COVID 19,"2,200.00","3,500.00","3,500.00","3,500.00"
GENERAL PROCEDURES,SPECIALIST CONSULTATION,600,600,600,0
GENERAL PROCEDURES,SPECTACLE FRAMES,"4,500.00","4,500.00","4,500.00",0
GENERAL PROCEDURES,SPECTACLES AND FRAMES,"7,500.00","7,500.00","7,500.00","7,500.00"
GENERAL PROCEDURES,STITCH REMOVAL,200,300,300,0
GENERAL PROCEDURES,STITCHING LARGE,"3,000.00","5,000.00","5,000.00",0
GENERAL PROCEDURES,STITCHING MEDIUM,"1,000.00","2,000.00","2,000.00",0
GENERAL PROCEDURES,STITCHING SMALL,500,"1,000.00","1,000.00",0
GENERAL PROCEDURES,STRAPPPING WHOLE,120,150,150,0
GENERAL PROCEDURES,SUCTION/SYRINING,"1,000.00","1,000.00","1,000.00",0
GENERAL PROCEDURES,SUNCTION TUBE ADULTS,50,100,100,0
GENERAL PROCEDURES,SUNCTION TUBE PAEDS,50,100,100,0
GENERAL PROCEDURES,SUPRA PUBIC CATHETERISATION,"10,000.00","15,000.00","15,000.00","15,000.00"
GENERAL PROCEDURES,SURGEON,"10,000.00","10,000.00","10,000.00","10,000.00"
GENERAL PROCEDURES,SURGEONS FEE,"35,000.00","35,000.00","35,000.00",0
GENERAL PROCEDURES,SURGICAL DEBRIDMENT / SURGICAL TOILETTING UNDER GA,"20,000.00","30,000.00","30,000.00","30,000.00"
GENERAL PROCEDURES,SUTURING & DRESSING,500,500,500,0
GENERAL PROCEDURES,SUTURING (DEEP/MUTLIPLE CUTS),"1,500.00","3,000.00","3,000.00",0
GENERAL PROCEDURES,SUTURING (SMALL CUT),500,"1,000.00","1,000.00",0
GENERAL PROCEDURES,SYRINGES 2ML,10,15,15,0
GENERAL PROCEDURES,TEST TUBE INSERTION,"20,000.00","100,000.00","35,000.00",0
GENERAL PROCEDURES,TESTICULAR TORSION FOR ORCHIDECTOMY,"40,000.00","60,000.00","60,000.00","60,000.00"
GENERAL PROCEDURES,THEATRE,"30,000.00","50,000.00","50,000.00",0
GENERAL PROCEDURES,THEATRE FEE,"10,000.00","10,000.00","10,000.00",0
GENERAL PROCEDURES,TONGUE TIE,"8,000.00","12,000.00","12,000.00","120,000.00"
GENERAL PROCEDURES,TONGUE TIE RELEASE,300,500,500,0
GENERAL PROCEDURES,VAC DRESSING SET,"22,600.00",0,0,0
GENERAL PROCEDURES,VULVAL BIOPSY,"10,000.00","12,000.00","12,000.00","12,000.00"
GENERAL PROCEDURES,WALKING FRAME,"5,500.00","6,500.00","6,500.00","6,500.00"
GENERAL PROCEDURES,WEIGHT CHECK,20,20,20,0
GENERAL PROCEDURES,X-RAY REPORTING,300,500,500,0
IMPLANT & AESTHETIC,IMPLANTS,"15,000.00","20,000.00","20,000.00","20,000.00"
INPATIENT PROCEDURES,RIPPLE MATRESS SERVICE,250,250,250,250
LAB PROCEDURES,CEA MARKERS,"1,000.00","1,500.00","1,500.00","1,500.00"
LAB PROCEDURES,D DIMER,"1,000.00","1,500.00","1,500.00",0
LAB TESTS,(R.B.S/F.B.S) RANDOM BLOOD SUGAR,150,200,200,0
LAB TESTS,ALBUMIN,400,600,600,600
LAB TESTS,ALKALINE PHOSPHATASE,500,700,700,"1,000.00"
LAB TESTS,ALT/SGPT,400,600,600,0
LAB TESTS,ANAL SWABS,300,500,509,500
LAB TESTS,ANC PROFILE,450,"1,300.00","1,300.00",0
LAB TESTS,ANC PROFILE LINDA MAMA,800,800,800,800
LAB TESTS,ANTI-STREPTOLYSIN O TEST(ASOT),200,250,250,250
LAB TESTS,APTT,500,700,700,"1,000.00"
LAB TESTS,AST/SGOT,400,600,600,0
LAB TESTS,B/S FOR MPS(MALARIA),200,250,250,250
LAB TESTS,BIOPSY ANALYSIS,"3,500.00","4,000.00","4,000.00","4,000.00"
LAB TESTS,BLOOD GROUP,200,250,250,250
LAB TESTS,BRUCELLOSIS (BAT),200,350,350,350
LAB TESTS,C-REACTIVE PROTEIN(CRP),"1,000.00","1,500.00","1,500.00",0
LAB TESTS,CA119,"2,000.00","2,500.00","2,500.00","3,000.00"
LAB TESTS,CA125,"2,000.00","2,500.00","2,500.00","2,500.00"
LAB TESTS,CALCIUM,500,700,700,"1,000.00"
LAB TESTS,CHOLESTEROL,400,600,600,600
LAB TESTS,COAGULATION PROFILE,"1,000.00","1,500.00","1,500.00","1,500.00"
LAB TESTS,COOMBS TEST(ICT/DCT),500,700,700,700
LAB TESTS,COVID 19 ANTIGEN TEST,"2,000.00","3,500.00","3,500.00","3,500.00"
LAB TESTS,COVID 19 ANTIGEN TEST FOR STAFF,"1,500.00","3,500.00","3,500.00",0
LAB TESTS,CREATININE,350,600,600,0
LAB TESTS,CROSSMATCH,500,700,700,700
LAB TESTS,CSF ANALYSIS,"1,000.00","1,300.00","1,300.00","1,300.00"
LAB TESTS,CULTURE AND SENSITIVITY,"1,000.00","1,400.00","1,400.00",0
LAB TESTS,CYTOLOGY,"1,500.00","2,000.00","2,000.00",0
LAB TESTS,DIRECT BILIRUBIN,400,600,600,0
LAB TESTS,DU TEST,300,400,400,400
LAB TESTS,"ELECTROLYTES(CL,NA,K)",800,"1,300.00","1,300.00",0
LAB TESTS,ERYTHROCYTE SEDIMENTATION RATE(ESR),250,350,350,350
LAB TESTS,FT3,800,"1,200.00","1,200.00","2,000.00"
LAB TESTS,FT4,800,"1,200.00","1,200.00","2,000.00"
LAB TESTS,FULL HAEMOGRAM(FHG),500,700,700,700
LAB TESTS,G.G.T,400,600,600,0
LAB TESTS,GONNORHEA ANTIGEN,500,700,700,700
LAB TESTS,GRAM STAIN,400,600,600,600
LAB TESTS,GRAN STRAINING,300,450,450,0
LAB TESTS,H . PYLORI ANTIGEN,600,900,900,900
LAB TESTS,H.I.V TESTING,1,1,1,1
LAB TESTS,HAEMOGLOBIN(HB) LEVEL,300,500,500,500
LAB TESTS,HB ELECTROPHORESIS,"3,250.00","3,750.00","3,750.00",0
LAB TESTS,HBA1C,"1,000.00","1,500.00","1,500.00",0
LAB TESTS,HDL,400,600,600,0
LAB TESTS,HEPATITIS A(HAV),400,600,600,600
LAB TESTS,HEPATITIS B(HBSAG),350,500,500,500
LAB TESTS,HEPATITIS C(HCV),300,500,500,0
LAB TESTS,HIGH VAGINAL SWAB(HVS) MICROSCOPY,300,400,400,400
LAB TESTS,HISTOLOGY,"3,000.00","5,000.00","5,000.00","5,000.00"
LAB TESTS,INORGANIC PHOSPHORUS,500,700,700,"1,000.00"
LAB TESTS,INR,500,700,700,"1,000.00"
LAB TESTS,KIDNEY FUNCTION TESTS(UECS),"1,500.00","2,500.00","2,500.00",0
LAB TESTS,LDL,400,600,600,0
LAB TESTS,LIPID PROFILE,"1,600.00","2,400.00","2,400.00",0
LAB TESTS,LIVER FUNCTION TEST (LFTS),"2,000.00","3,000.00","3,000.00",0
LAB TESTS,MAGNESIUM,500,700,700,"1,000.00"
LAB TESTS,MYCARDIAL ENZYME PANEL,"2,000.00","3,000.00","3,000.00",0
LAB TESTS,O.G.T.T,"1,000.00","1,350.00","1,350.00",0
LAB TESTS,OCCULT BLOOD,400,700,700,"1,000.00"
LAB TESTS,PBF,"1,500.00","2,500.00","2,500.00","2,500.00"
LAB TESTS,PREGNANCY TEST(PDT),100,150,150,150
LAB TESTS,PROCALCITONIN,"1,000.00","1,500.00","1,500.00","1,500.00"
LAB TESTS,PSA TITER,"1,000.00","1,500.00","1,500.00",0
LAB TESTS,PUS SWAB,300,400,400,400
LAB TESTS,RHEUMATIOD FACTOR (RF),250,350,350,350
LAB TESTS,ROTA/ADENO VIRUS,500,700,700,700
LAB TESTS,SALMONELLA ANTIGEN TEST (SAT),500,700,700,700
LAB TESTS,SEMENALYSIS,500,700,700,700
LAB TESTS,SERUM AMYLASE,750,"1,200.00","1,200.00","1,200.00"
LAB TESTS,SERUM CRAG,"1,000.00","1,500.00","1,500.00","1,500.00"
LAB TESTS,SERUM LIPASE,950,"1,500.00","1,500.00","1,500.00"
LAB TESTS,STOOL ANALYSIS,100,200,200,200
LAB TESTS,T3,800,"1,200.00","1,200.00",0
LAB TESTS,T4,800,"1,200.00","1,200.00",0
LAB TESTS,THYROID FUNCTION TESTS(TFTS),"2,400.00","3,600.00","3,600.00",0
LAB TESTS,TOTAL BILIRUBIN,400,600,600,0
LAB TESTS,TOTAL PROTEIN,400,600,600,0
LAB TESTS,TRIGLYCERIDES,400,600,600,0
LAB TESTS,TROPONIN I,"1,000.00","1,500.00","1,500.00","1,500.00"
LAB TESTS,TSH,800,"1,200.00","1,200.00","2,000.00"
LAB TESTS,U/ECS( RENAL TEST),"1,500.00","2,000.00","2,000.00","2,000.00"
LAB TESTS,UREA,350,600,600,0
LAB TESTS,URETHRAL SWAB,300,600,600,600
LAB TESTS,URIC ACID,400,600,600,0
LAB TESTS,URINALYSIS,200,300,300,300
LAB TESTS,VDRL/SYPHILLIS,200,250,250,250
LAB TESTS,VITAMIN D,"1,500.00","2,000.00","2,000.00","1,500.00"
LAB TESTS,VITB12,"1,500.00","2,500.00","2,500.00","3,000.00"
LAB TESTS,ZN STAIN,0,0,0,0
MATERNITY,EPISIOTOMY,700,700,700,700
MATERNITY,NORMAL DELIVERY,"8,000.00","12,000.00","8,000.00","12,000.00"
MATERNITY,VE,500,500,500,500
MCH,ANC CHECKUP,0,0,0,0
MCH,CHECK HB,200,300,300,0
MCH,COMPLEMENTARY FEEDING COUNSELLING,0,0,0,0
MCH,DEWORMERS ADULTS,30,50,50,0
MCH,DEWORMERS CHILDREN,50,100,100,0
MCH,FHG,400,600,600,0
MCH,HEALTH EDUCATION,0,0,0,0
MCH,HVS,300,400,400,400
MCH,IMMUNISATION,50,50,50,0
MCH,MCH CONSULTATION,100,600,600,0
MCH,MILESTONE ASSESSMENT,0,0,0,0
MCH,NATURAL FAMILY PLANNING COUNSELLING,0,0,0,0
MCH,NUTRITION COUNSELLING[ANC PT],0,0,0,0
MCH,OBSERVATION CHECK,0,0,0,0
MCH,POSTNATAL CHECK UP,50,100,100,0
MCH,TETANUS VACCINE,70,100,100,0
MCH,VIT. A SUPPLEMENTATION,0,0,0,0
NON PHARMACEUTICALS,BABY CLOTHES (ASSORTED),"1,350.00","1,350.00","1,350.00","1,350.00"
NON PHARMACEUTICALS,BABY PACKAGE,"1,150.00","1,150.00","1,150.00","1,150.00"
NON PHARMACEUTICALS,BLOOD GIVING SET,100,150,150,150
NON PHARMACEUTICALS,CANNULAR,100,150,150,150
NON PHARMACEUTICALS,CREPE BANDAGE SZ 1,80,120,120,120
NON PHARMACEUTICALS,CREPE BANDAGE SZ 2,100,140,140,140
NON PHARMACEUTICALS,CREPE BANDAGE SZ 3,150,200,200,200
NON PHARMACEUTICALS,CREPE BANDAGE SZ 4,200,250,250,250
NON PHARMACEUTICALS,FOLLEY CATHETER,100,150,150,0
NON PHARMACEUTICALS,GAUZE BANDAGE,50,100,100,100
NON PHARMACEUTICALS,GAUZE ROLL,"1,500.00","2,000.00","2,000.00","2,000.00"
NON PHARMACEUTICALS,GIVING SET,100,200,200,0
NON PHARMACEUTICALS,INSULIN SYRINGES,20,30,30,30
NON PHARMACEUTICALS,LATEX GLOVES,400,450,450,0
NON PHARMACEUTICALS,LINERS RED LARGE,50,50,50,50
NON PHARMACEUTICALS,NASAL GASTRIC TUBE,100,150,150,150
NON PHARMACEUTICALS,NASAL PRONGS,0,0,0,0
NON PHARMACEUTICALS,OXYGEN MASK,200,300,300,300
NON PHARMACEUTICALS,PANTIES,50,50,50,0
NON PHARMACEUTICALS,PANTY,100,0,100,0
NON PHARMACEUTICALS,PAPER GLOVES,150,200,200,200
NON PHARMACEUTICALS,STERILE SURGICAL GLOVES,150,200,200,200
NON PHARMACEUTICALS,STRAPPING ORDINARY,120,150,150,150
NON PHARMACEUTICALS,STRAPPING SPECIAL,250,350,350,350
NON PHARMACEUTICALS,SUCTION TUBE,100,150,150,150
NON PHARMACEUTICALS,SURGICAL BLADE,50,100,100,100
NON PHARMACEUTICALS,SUTURE POLYGLATIN,300,400,400,400
NON PHARMACEUTICALS,URINE BAG,100,150,150,0
NON PHARMACEUTICALS,VAGINAL SPECULUM,300,450,450,450
OPD,OUTPATIENT CAPITATION PACKAGE,1,1,1,1
OPTICAL,OPTICAL LENSES,"9,100.00","12,000.00","12,000.00","12,000.00"
OTHER,ORCHIDECTOMY,"20,000.00","20,000.00","20,000.00",0
PHARMACY,LINERS BLACK LARGE,50,50,50,50
PHARMACY,LINERS BLACK SMALL,50,50,50,50
PHARMACY,LINERS RED SMALL,50,50,50,50
PHARMACY,LINERS YELLOW LARGE,50,50,50,50
PHARMACY,LINERS YELLOW SMALL,50,50,50,50
PHYSIO,ARMSLING POUCH,"1,500.00","2,000.00","2,000.00","2,000.00"
PHYSIO,CERVICAL IMMOBILIZER (PHILADELPHIA),"2,600.00","3,000.00","3,000.00",0
PHYSIO,CLARVICLE BRACE,"2,500.00","3,000.00","3,000.00",0
PHYSIO,DRY NEEDLING,700,"1,500.00","1,500.00",0
PHYSIO,ELBOW CRUTCH SINGLE - OLD,"1,500.00","2,000.00","2,000.00","2,000.00"
PHYSIO,ELECTROTHERAPY,500,"1,000.00","1,000.00",0
PHYSIO,EXTENDED WRIST SUPPORT,700,"1,000.00","1,000.00","1,000.00"
PHYSIO,FROG SPLINT,600,"1,000.00","1,000.00",0
PHYSIO,GYM SERVICE,200,500,500,0
PHYSIO,HARD CERVICLE COLLAR,"1,500.00","2,500.00","2,500.00",0
PHYSIO,KNEE IMMOBILIZER (ONE)/HINGED KNEE BRACE,"3,000.00","3,500.00","3,500.00",0
PHYSIO,LUMBAR SUPPORT,"3,500.00","4,500.00","4,500.00",0
PHYSIO,LYMPHODERMA STOCKINGS,"4,000.00","4,500.00","4,500.00",0
PHYSIO,MALLET FINGER SPLINT,600,"1,000.00","1,000.00","1,000.00"
PHYSIO,MANUAL THERAPY/FM,"1,000.00","3,000.00","3,000.00",0
PHYSIO,ORTHOPEDIC MANUAL THERAPY,"1,500.00","2,500.00","2,500.00",0
PHYSIO,ORTHOPEDIC MANUAL THERAPY/FM,"2,000.00","3,000.00","3,000.00",0
PHYSIO,PAEDIATRIC SOFT CERVICAL COLLAR,"1,000.00","1,500.00","1,500.00",0
PHYSIO,PAEDIATRIC WALKING FRAME,"7,500.00","8,000.00","8,000.00",0
PHYSIO,PLASTER 8,220,300,300,0
PHYSIO,PLASTER APPLICATION,500,700,700,0
PHYSIO,PLASTER REMOVAL,300,500,500,0
PHYSIO,QUADRIPOD STAND,"2,500.00","3,500.00","3,500.00",0
PHYSIO,RANGE OF MOTION ELBOW BRACE (ROM),"8,000.00","9,000.00","9,000.00",0
PHYSIO,RANGE OF MOTION KNEE BRACE,"10,000.00","12,000.00","12,000.00",0
PHYSIO,REHABILITATION ADULTS,400,"1,000.00","1,000.00",0
PHYSIO,REHABILITATION CHILDREN,200,500,500,0
PHYSIO,REHABILITATION INPATIENT,500,"1,000.00","1,000.00",0
PHYSIO,SHOULDER IMMOBILIZER,"2,500.00","3,000.00","3,000.00",0
PHYSIO,SILICON INSOLES,"3,500.00","4,500.00","4,500.00",0
PHYSIO,SKIN TRACTION KIT,"3,000.00","3,500.00","3,500.00","3,500.00"
PHYSIO,SOFT CERVICLE COLLAR,"1,000.00","2,000.00","2,000.00",0
PHYSIO,SQUEEZE,"1,000.00","1,200.00","1,200.00",0
PHYSIO,SQUIZEE BALL,"1,000.00","1,200.00","1,200.00","1,200.00"
PHYSIO,THUMB SPICA SPLINT,"1,000.00","1,500.00","1,500.00",0
PHYSIO,TRIPOD STAND,"2,500.00","3,500.00","3,500.00",0
PHYSIO,VERICOSE STOCKINGS,"2,500.00","3,500.00","3,500.00",0
PHYSIO,WALKING FRAME WITH WHEELS,"6,000.00","6,500.00","6,500.00",0
PHYSIO,WRIST SPLINT,"1,200.00","1,500.00","1,500.00",0
PHYSIOTHERAPY,ARMSLING,100,200,200,200
PHYSIOTHERAPY,ELBOW CRUTCH PAIR - OLD,"2,000.00","2,500.00","2,500.00",0
PHYSIOTHERAPY,ORTHOBAND,100,200,200,0
PHYSIOTHERAPY,PLASTER 6,180,250,250,0
PHYSIOTHERAPY,WALIKING STICK,"1,500.00",0,"1,500.00",0
PROCEDURES,ADENOETONSILECTOMY,"69,500.00","69,500.00","69,500.00","69,500.00"
PROCEDURES,ADMISSION FEE,"1,000.00","1,000.00","1,000.00",0
PROCEDURES,AMBULANCE,"5,000.00","10,000.00","10,000.00","10,000.00"
PROCEDURES,ANNUAL MEDICAL CARD FEE,50,50,50,0
PROCEDURES,BABY CARE NIGHT,"2,000.00","2,500.00","2,500.00","2,500.00"
PROCEDURES,CERVICAL CANCER SCREENING(VIA/VILI),300,500,500,0
PROCEDURES,COLONOSCOPY,"20,000.00","30,000.00","30,000.00","50,000.00"
PROCEDURES,CONSULTANTS FEE - ORTHOPAEDIC SURGEON,"3,000.00","3,000.00","3,000.00",0
PROCEDURES,DEBRIDEMENT LARGE,"2,000.00","4,000.00","4,000.00",0
PROCEDURES,DEBRIDEMENT MEDIUM,"1,000.00","1,500.00","1,500.00",0
PROCEDURES,DEBRIDEMENT SMALL,500,600,600,0
PROCEDURES,DERMATOLOGIST REVIEW,"1,500.00","2,500.00","2,500.00","2,500.00"
PROCEDURES,DOCTORS FEE BIOPSY,"1,000.00","1,000.00","1,000.00","1,000.00"
PROCEDURES,DOCTORS FEE CS,"5,000.00","5,000.00","5,000.00","5,000.00"
PROCEDURES,ENT SURGEON FEE,"34,750.00","34,750.00","34,750.00","34,750.00"
PROCEDURES,EXCISION LARGE,"3,000.00","3,500.00","3,500.00",0
PROCEDURES,EXCISION MEDIUM,"1,500.00","2,000.00","2,000.00",0
PROCEDURES,EXCISION SMALL,500,600,600,0
PROCEDURES,EXLAP,"60,000.00","60,000.00","60,000.00","60,000.00"
PROCEDURES,FESS,"55,000.00","55,000.00","55,000.00","55,000.00"
PROCEDURES,FIBROADENOMA EXCISION,"15,000.00","25,000.00","25,000.00","25,000.00"
PROCEDURES,GANGLION CYST,"5,000.00","10,000.00","10,000.00","10,000.00"
PROCEDURES,GENERAL ANAESTHESIA,"15,000.00","15,000.00","15,000.00","15,000.00"
PROCEDURES,HEAD SCAN,"10,000.00","20,000.00","20,000.00","30,000.00"
PROCEDURES,HYSTERECTOMY,"80,000.00","80,000.00","80,000.00","80,000.00"
PROCEDURES,INGROWN TOE NAIL REMOVAL,"2,500.00","3,500.00","3,500.00",0
PROCEDURES,LIPOME EXICISION SURGEON,"15,000.00","20,000.00","20,000.00","30,000.00"
PROCEDURES,MCH WEIGHT FEE,20,20,20,0
PROCEDURES,MEDICAL CERTIFICATION FEE,500,500,500,0
PROCEDURES,METHOTROXETE ADMINISTRATION 2,"1,000.00","2,000.00","2,000.00","3,000.00"
PROCEDURES,MYOMECTOMY,"80,000.00","80,000.00","80,000.00","80,000.00"
PROCEDURES,OGDD,"20,000.00","30,000.00","30,000.00","50,000.00"
PROCEDURES,OPD CONSULTATION FEE,100,600,600,0
PROCEDURES,ORCHIDOPEXY SURGEONS FEE,"25,000.00","25,000.00","25,000.00","25,000.00"
PROCEDURES,ORIF TIBIA/FIBULA,"60,000.00","60,000.00","60,000.00","60,000.00"
PROCEDURES,ORTHOPEDIC SURGEON FEE,"40,000.00","50,000.00","50,000.00","50,000.00"
PROCEDURES,PRIVATE WARD,"2,407.00","3,000.00","3,000.00","5,000.00"
PROCEDURES,PRIVATE WARD WITH NHIF,"1,800.00","3,000.00","3,000.00","5,000.00"
PROCEDURES,REDUCTION,"10,000.00","15,000.00","15,000.00","20,000.00"
PROCEDURES,REMOVAL OF HARDWARE,"80,000.00","80,000.00","80,000.00","80,000.00"
PROCEDURES,SCAN,"10,000.00","20,000.00","20,000.00","20,000.00"
PROCEDURES,SPINAL ANAESTHESIA,"10,000.00","10,000.00","10,000.00","10,000.00"
PROCEDURES,SURGEONS FEE FOR SKIN GRAFTING,"30,000.00","50,000.00","50,000.00","50,000.00"
PROCEDURES,SURGICAL DEBRIDEMENT,"6,000.00","10,000.00","10,000.00","10,000.00"
PROCEDURES,TENDON REPAIR-MULTIPLE/LARGE,"5,000.00","7,500.00","7,500.00","7,500.00"
PROCEDURES,THEATRE FEE FOR SKIN GRAFTING,"40,000.00","60,000.00","60,000.00","60,000.00"
PROCEDURES,THYROIDECTOMY,"120,000.00","120,000.00","120,000.00","120,000.00"
PROCEDURES,THYROIDECTOMY SURGEONS FEE,"60,000.00","60,000.00","60,000.00","60,000.00"
PROCEDURES,TONSILLECTOMY,"50,000.00","50,000.00","50,000.00","50,000.00"
PROCEDURES,TONSILLECTOMYY SURGEONS FEE,"25,000.00","25,000.00","25,000.00","25,000.00"
PROCEDURES,TUBOPLASTY SURGEONS FEE,"39,500.00","39,500.00","39,500.00","39,500.00"
PROCEDURES,TURBINOPLASTY,"45,000.00","45,000.00","45,000.00","45,000.00"
PROCEDURES,U-SLAB POP,"2,500.00","3,000.00","3,000.00","3,000.00"
RADIOGRAPHY,CT SCAN,"2,000.00","2,000.00","2,000.00",0
SERVICE,SELF PAY,50,50,50,50
THEATRE PROCEDURES,ANAEETHETIC SPINAL,"10,000.00","15,000.00","15,000.00","15,000.00"
THEATRE PROCEDURES,ANAESTHETIST,"5,000.00","5,000.00","5,000.00","5,000.00"
THEATRE PROCEDURES,ANAESTHETIST - GENERAL ANAESTHESIA,"15,000.00","20,000.00","20,000.00","20,000.00"
THEATRE PROCEDURES,ANAESTHETIST - SEDATION,"5,000.00","7,500.00","7,500.00","7,500.00"
THEATRE PROCEDURES,ANAESTHETIST - SPINAL ANAESTHESIA,"10,000.00","15,000.00","15,000.00","15,000.00"
THEATRE PROCEDURES,ANAETHETIST FEE,"10,000.00","15,000.00","15,000.00",0
THEATRE PROCEDURES,ANASTHETIST FEE FOR SKIN GRAFTING,"15,000.00","20,000.00","20,000.00","20,000.00"
THEATRE PROCEDURES,ANESTHETIST FEE FOR CERVICAL BIOPSY,"3,000.00","3,500.00","3,500.00","3,500.00"
THEATRE PROCEDURES,APPENDECTOMY,"160,000.00","160,000.00","160,000.00","160,000.00"
THEATRE PROCEDURES,APPENDICECTOMY,"80,000.00","60,000.00","60,000.00","80,000.00"
THEATRE PROCEDURES,BREAST LUMPECTOMY UNDER GA,"40,000.00","20,000.00","20,000.00","40,000.00"
THEATRE PROCEDURES,CEASERIAN SECTION,"60,000.00","30,000.00","30,000.00","30,000.00"
THEATRE PROCEDURES,CERVICAL BIOPSY / COLPOLSCOPY,"10,000.00","15,000.00","15,000.00","15,000.00"
THEATRE PROCEDURES,DIATHERMY PENCIL,"1,200.00","1,800.00","1,800.00","1,800.00"
THEATRE PROCEDURES,DILATATION AND CURATAGE,"10,000.00","15,000.00","15,000.00",0
THEATRE PROCEDURES,EXLORATORY LAPAROTOMY,"80,000.00","60,000.00","60,000.00","80,000.00"
THEATRE PROCEDURES,GENERAL EXAMINITION,"15,000.00","20,000.00","20,000.00",0
THEATRE PROCEDURES,HOSPITAL THEATRE FEE (MAJOR PROCEDURE),"20,000.00","25,000.00","25,000.00","25,000.00"
THEATRE PROCEDURES,LAPARATOMY,"80,000.00","120,000.00","120,000.00","120,000.00"
THEATRE PROCEDURES,LIPOMA EXCISION,"60,000.00","15,000.00","15,000.00","100,000.00"
THEATRE PROCEDURES,MONITOR TIME PER HOUR,300,500,500,500
THEATRE PROCEDURES,OPEN REDUCTION INTERNAL FIXATION (ORIF)),"160,000.00","200,000.00","200,000.00","200,000.00"
THEATRE PROCEDURES,ORCHIDECTOMY PROCEDURE FEE,"15,000.00","15,000.00","15,000.00",0
THEATRE PROCEDURES,ORCHIDOPEXY,"40,000.00","40,000.00","40,000.00","40,000.00"
THEATRE PROCEDURES,PROSTATE BIOPSY( SURGEON FEE),"10,000.00","15,000.00","15,000.00","15,000.00"
THEATRE PROCEDURES,REDUCTION UNDER SEDATION,"3,000.00","4,000.00","4,000.00","4,000.00"
THEATRE PROCEDURES,SEDATION (MILD),"5,000.00","7,500.00","7,500.00","7,500.00"
THEATRE PROCEDURES,SEDATION FEE,"15,000.00","20,000.00","20,000.00",0
THEATRE PROCEDURES,SPINAL EXAMINATION,"10,000.00","15,000.00","15,000.00","15,000.00"
THEATRE PROCEDURES,THEATRE ASSISTANT FEE,"2,500.00","3,500.00","3,500.00",0
THEATRE PROCEDURES,THEATRE CASE - DAY CASE - SEDATION,"10,000.00","15,000.00","15,000.00","15,000.00"
THEATRE PROCEDURES,THEATRE FEE FOR REDUCTION,"5,000.00","6,500.00","6,500.00","6,500.00"
THEATRE PROCEDURES,THEATRE GASES PER HOUR,"1,500.00","2,500.00","2,500.00","2,500.00"
THEATRE PROCEDURES,THEATRE SCRUBBING/ FUMIGATION,"3,000.00","5,000.00","5,000.00","5,000.00"
TRANSPORT,AMBULANCE FROM NANYUKI TO THIKA,"22,000.00","30,000.00","30,000.00","30,000.00"
TRANSPORT,AMBULANCE EVENT COVERAGE( FULL DAY) 8 TO 5PM,"20,000.00","30,000.00","30,000.00","30,000.00"
TRANSPORT,AMBULANCE FROM HURUMA AND THE SORROUNDING,"1,500.00","3,000.00","3,000.00","3,000.00"
TRANSPORT,AMBULANCE FROM HURUMA NANYUKI TO DISTRICT,"2,000.00","3,000.00","3,000.00","3,000.00"
TRANSPORT,AMBULANCE FROM NANYUKI TO KIJABE,"38,000.00","45,000.00","45,000.00","45,000.00"
TRANSPORT,AMBULANCE FROM NANYUKI TO NORTH KINANGOP,"35,000.00","40,000.00","40,000.00","40,000.00"
TRANSPORT,AMBULANCE FROM NANYUKI TO CHOGORIA,"25,000.00","30,000.00","30,000.00","30,000.00"
TRANSPORT,AMBULANCE FROM NANYUKI TO CHUKA,"25,000.00","30,000.00","30,000.00","30,000.00"
TRANSPORT,AMBULANCE FROM NANYUKI TO EMBU,"26,000.00","29,000.00","29,000.00","29,000.00"
TRANSPORT,AMBULANCE FROM NANYUKI TO KARATINA,"18,000.00","20,000.00","20,000.00","20,000.00"
TRANSPORT,AMBULANCE FROM NANYUKI TO KIKUYU,"35,000.00","45,000.00","45,000.00","45,000.00"
TRANSPORT,AMBULANCE FROM NANYUKI TO MERU TOWN,"18,000.00","22,000.00","22,000.00","22,000.00"
TRANSPORT,AMBULANCE FROM NANYUKI TO NAIROBI,"28,000.00","45,000.00","45,000.00","45,000.00"
TRANSPORT,AMBULANCE FROM NANYUKI TO TIMAU,"10,000.00","20,000.00","20,000.00","20,000.00"
TRANSPORT,AMBULANCE FROM SIPILI TO HURUMA,"30,000.00","30,000.00","30,000.00","30,000.00"
TRANSPORT,AMBULANCE NANYUKI COTTAGE/NTRH,"1,500.00","1,500.00","1,500.00",0
TRANSPORT,AMBULANCE NANYUKI TO KIRUA,"21,000.00","21,000.00","21,000.00","21,000.00"
TRANSPORT,AMBULANCE NANYUKI TO NAROMORU,"10,000.00","15,000.00","15,000.00","15,000.00"
TRANSPORT,AMBULANCE NANYUKI TO OTHAYA,"16,000.00","16,000.00","16,000.00","16,000.00"
TRANSPORT,AMBULANCE SERVICES FROM NANYUKI TO GATHERI,"3,000.00","4,000.00","4,000.00","4,000.00"
TRANSPORT,AMBULANCE SERVICES FROM NANYUKI TO NYERI,"18,000.00","25,000.00","25,000.00","25,000.00"
TRANSPORT,AMBULANCE SERVICES WITHIN NANYUKI TOWN,"1,500.00","3,000.00","3,000.00","3,000.00"
TRANSPORT,AMBULANCE TRANSPORT FROM NANYUKI TO KIGANJO / CHAKA,"12,000.00","15,000.00","15,000.00","15,000.00"
TRANSPORT,AMBULANCE TRANSPORT FROM NANYUKI TO KIRIAINI,"20,000.00","25,000.00","25,000.00","25,000.00"
TRANSPORT,AMBULANCE TRANSPORT FROM NANYUKI TO KIRIAINI NAIROBI WOMEN,"30,000.00","36,000.00","36,000.00","36,000.00"
TRANSPORT,AMBULANCE TRANSPORT FROM NANYUKI TO MARY IMMACULATE,"30,000.00","35,000.00","35,000.00","35,000.00"
TRANSPORT,AMBULANCE WITHIN NANYUKI TO AIRSTRIP,"6,000.00","7,000.00","7,000.00","7,000.00"
TRANSPORT,COTTAGE TRANSPORT,"2,000.00",500,500,0
TRANSPORT,EMERGENCY RESPONSE,0,0,0,0
TRANSPORT,NYERI BY PRIVATE TRANSPORTATION,"1,500.00","2,000.00","2,000.00",0
TRANSPORT,TRANSPORT TO NTRH AND COTTAGE,400,400,400,400
TRANSPORT,TRANSPORT TO NYERI,"1,000.00","1,000.00","1,000.00",0
TRANSPORT,TRANSPORTATION TO NYRI VIA PRIVATE,"1,500.00","1,500.00","1,500.00",0
ULTRASOUND,ABDOMINAL-PELVIC SCAN,"2,500.00","3,000.00","3,000.00",0
ULTRASOUND,ABDOMINAL SCAN,"2,000.00","2,500.00","2,500.00",0
ULTRASOUND,BREAST SCAN,"2,500.00","3,500.00","3,500.00","3,500.00"
ULTRASOUND,DOPPLER SCAN (BILATERAL),"5,000.00","6,000.00","6,000.00",0
ULTRASOUND,DOPPLER SCAN (SINGLE),"2,500.00","3,000.00","3,000.00","3,000.00"
ULTRASOUND,INGUINAL,"2,500.00","3,500.00","3,500.00","3,500.00"
ULTRASOUND,MULTI REGIONAL SCAN,"4,000.00","5,000.00","5,000.00",0
ULTRASOUND,MUSCULOSKELETAL SCAN,"2,500.00","3,000.00","3,000.00",0
ULTRASOUND,OBSTETRIC SCAN,"2,000.00","3,000.00","3,000.00","2,000.00"
ULTRASOUND,PELVIC SCAN (TAS/TVS),"2,000.00","2,500.00","2,500.00",0
ULTRASOUND,PROSTATE/KUB SCAN,"2,000.00","3,000.00","3,000.00",0
ULTRASOUND,RENAL DOPPLER,"2,500.00","3,500.00","3,500.00","3,500.00"
ULTRASOUND,THYROID SCAN,"2,500.00","3,500.00","3,500.00","3,500.00"
X-RAY,ABDOMEN (X-RAY),800,"1,200.00","1,200.00",0
X-RAY,ANKLE JOINT - LOWER LIMB,800,"1,200.00","1,200.00","1,200.00"
X-RAY,CERVICAL SPINE(X-RAY),"1,000.00","1,500.00","1,500.00",0
X-RAY,"CHEST CLAVICLE, STERNUM (X-RAY)",800,"1,000.00","1,000.00",0
X-RAY,ELBOW JOINT (X-RAY),800,"1,200.00","1,200.00","1,200.00"
X-RAY,FEMUR - LOWER LIMB,800,"1,200.00","1,200.00","1,200.00"
X-RAY,FILM X - RAY,500,500,500,500
X-RAY,FINGER - UPPER LIMB (X-RAY),800,"1,200.00","1,200.00","1,200.00"
X-RAY,FOOT (X-RAY),800,"1,200.00","1,200.00","1,200.00"
X-RAY,HAND (X-RAY),800,"1,200.00","1,200.00","1,200.00"
X-RAY,HEEL / CALCANEAL,800,"1,200.00","1,200.00",0
X-RAY,HIP JOINT (X-RAY),800,"1,200.00","1,200.00","1,200.00"
X-RAY,HUMERUS (X-RAY),800,"1,200.00","1,200.00","1,200.00"
X-RAY,KNEE JOINT - LOWER LIMB,800,"1,200.00","1,200.00","1,200.00"
X-RAY,LUMBAR SPINE (X-RAY),"1,000.00","1,500.00","1,500.00",0
X-RAY,OBSTETRIC SCAN(MATERNITY AND MCH),"1,500.00","2,000.00","2,000.00",0
X-RAY,"PELVIC,HIP (X-RAY)",800,"1,200.00","1,200.00","1,200.00"
X-RAY,"PNS,TMJ (X-RAY)","1,000.00","1,500.00","1,500.00","1,500.00"
X-RAY,RADIALULNA (X-RAY),800,"1,200.00","1,200.00","1,200.00"
X-RAY,SCROTAL SCAN,"2,500.00","3,500.00","3,500.00","3,500.00"
X-RAY,SHOULDER GIRDLE (X-RAY),800,"1,200.00","1,200.00",0
X-RAY,SKULL,"1,000.00","1,500.00","1,500.00","1,500.00"
X-RAY,THORACIC SPINE,"1,000.00","1,500.00","1,500.00",0
X-RAY,THORACOLUMBAR SPINE,"1,500.00","2,000.00","2,000.00","2,000.00"
X-RAY,TIBIA FIBULA - LOWER LIMB,800,"1,200.00","1,200.00","1,200.00"
X-RAY,TOE (X-RAY),800,"1,200.00","1,200.00","1,200.00"
X-RAY,WRIST JOINT - UPPER LIMB,800,"1,200.00","1,200.00","1,200.00"
